ACFT_ID,Op Type,Flap_ID,B,C,D,R
A320-232,A,1_A,,,,0.059086
A320-232,A,2_D,,,,0.095899
A320-232,A,2_U,,,,0.06679
A320-232,A,3_D,,,0.379853,0.100263
A320-232,A,FULL_D,,,0.369833,0.121141
A320-232,A,ZERO_A,,,,0.054309
A320-232,D,1,,,,0.065822
A320-232,D,1+F,0.007626,0.395674,,0.069873
A320-232,D,ZERO,,,,0.05332
